{
    "min": [
        -4.014648914337158,
        -5.380309104919434,
        -20.01496124267578
    ],
    "max": [
        3.705856084823608,
        3.956078052520752,
        10.08650016784668
    ]
}