{
    "min": [
        -2.200684070587158,
        -4.237205028533936,
        -15.545594215393066
    ],
    "max": [
        3.1360058784484863,
        2.743339776992798,
        1.3486300706863403
    ]
}