{
    "min": [
        -2.61804723739624,
        -3.6109132766723633,
        -16.240032196044922
    ],
    "max": [
        2.727405071258545,
        2.697664976119995,
        2.452272415161133
    ]
}