{
    "min": [
        -3.441816091537476,
        -4.445123672485352,
        -17.629770278930664
    ],
    "max": [
        3.516213893890381,
        4.096593379974365,
        5.594568729400635
    ]
}